{"Precision": 0.2916666666666667, "Recall": 0.7777777777777778}